id_fornecedor,nome_fornecedor,cnpj,contato,cidade,estado
1,TechImport Brasil,12.345.678/0001-90,vendas@techimport.com,São Paulo,SP
2,GamerDistribuições,23.456.789/0001-12,contato@gamerdist.com,Curitiba,PR
3,MegaHardware Solutions,34.567.890/0001-34,comercial@megahw.com,Belo Horizonte,MG
4,PCPro Fornecedora,45.678.901/0001-56,atendimento@pcpro.com.br,Porto Alegre,RS
5,AlphaTech Componentes,56.789.012/0001-78,suporte@alphatech.com,Campinas,SP
5,AlphaTech Componentes,56.789.012/0001-78,suporte@alphatech.com,Campinas,SP